word,
人気,
中心,
方法,
全国,
関連,
情報,
海外,
記事,
機能,
現在,
部分,
可能,
内容,
使用,
基本,
価格,
商品,
無料,
地域,
個人,
定期,
管理,
確認,
一般,
期間,
健康,
代金,
位置,
販売,
注文,
交換,
投票,
希望,
重要,
作品,
需要,
自然,
結果,
保証,
条件,
非常,
代表,
完全,
活動,
完成,
最高,
助手,
文字,
直接,
不可,
地方,
中古,
女子,
営業,
参考,
日本,
選択,
案内,
参加,
主要,
身体,
多少,
成功,
対象,
変更,
環境,
輸入,
開始,
企業,
電子,
製品,
会員,
要求,
人生,
作業,
少女,
存在,
家具,
国家,
自動,
食品,
中央,
感じ,
状況,
記念,
政府,
分析,
天然,
市場,
通信,
状態,
誕生,
能力,
程度,
地区,
相談,
なお,
注目,
目的,
考え,
広告,
事務,
と,
セット,
トップ,
カード,
サービス,
話題,
ケース,
バッグ,
祝い,
操作,
体育,
違い,
事件,
種類,
男子,
消費,
評価,
設計,
未来,
左右,
人物,
住宅,
週間,
以前,
理解,
精神,
保存,
材料,
代理,
事情,
運動,
過去,
名,
期待,
数,
台,
日常,
正式,
実際,
大家,
地,
今回,
出版,
時,
都,
魅力,
他,
神,
金融,
一番,
来,
方向,
都市,
あっ,
決定,
能,
円,
元,
土,
比較,
報告,
料金,
相当,
王,
型,
幅,
発表,
容易,
禁止,
事,
香り,
内,
正,
効果,
大会,
友情,
可,
共同,
自身,
製造,
全体,
最終,
特徴,
街,
回,
努力,
生命,
すてき,
人間,
少年,
明かり,
流行,
制度,
年間,
身,
支払,
移動,
永久,
突然,
城,
郵便,
板,
才能,
処理,
解決,
方,
影響,
心理,
放送,
高速,
暮らし,
行動,
ホーム,
改善,
逆,
成人,
平均,
宿泊,
同時,
単位,
表面,
独り,
実現,
愛,
責任,
組,
灯,
金属,
本人,
表情,
一家,
医療,
判断,
数字,
整理,
段,
植物,
秘密,
プロ,
コード,
印象,
具体,
設備,
意思,
提出,
青年,
以来,
最も,
最低,
速度,
便,
調査,
時期,
不足,
独立,
知識,
年代,
大変,
感謝,
準備,
有効,
機械,
安定,
球,
拡大,
集中,
幸福,
推薦,
学,
成長,
語,
スタイル,
ゲーム,
現場,
生物,
機関,
老人,
表現,
金額,
様々,
死亡,
側,
経験,
道路,
連続,
実施,
修正,
相手,
障害,
楽,
空,
人工,
宝,
地球,
局,
到着,
航空,
基,
唯一,
生地,
続き,
合計,
流れ,
化学,
意外,
土地,
恐怖,
発行,
契約,
協力,
食事,
一体,
担当,
今後,
ほぼ,
舞台,
観光,
記録,
太陽,
一生,
満足,
玉,
印刷,
活用,
柄,
読み,
絶対,
変化,
全て,
差,
地下,
筋,
不安,
酒,
又,
都会,
値段,
費用,
経営,
理想,
感情,
選手,
長期,
際,
中学,
組織,
是非,
訪問,
友,
管,
波,
新た,
温度,
美人,
学習,
作家,
委員,
武器,
友人,
現代,
一方,
ただ,
行き,
建築,
装置,
患者,
実は,
残り,
性格,
刺激,
計画,
請求,
球,
本物,
物語,
修理,
化粧,
適用,
教授,
茶,
同一,
巨大,
博士,
端,
何か,
布,
思想,
豊富,
年齢,
検査,
文明,
雰囲気,
団体,
伝統,
他人,
重大,
服装,
信頼,
運転,
検討,
芸術,
影,
値,
指導,
建設,
信用,
提案,
快適,
記者,
利益,
出身,
発見,
同様,
共通,
弾,
再び,
様子,
名人,
国民,
だが,
常に,
全員,
意識,
手段,
目標,
宇宙,
センター,
成る,
クラシック,
女優,
閉じる,
旅,
信号,
宗教,
症状,
級,
穴,
登山,
現金,
当時,
感動,
鉄道,
食物,
心配,
プラス,
記憶,
一時,
計算,
本当,
夫婦,
違反,
回復,
劇場,
教師,
袋,
歌手,
価値,
油,
合格,
州,
感覚,
監督,
昼食,
疑問,
笑顔,
犯罪,
出席,
訓練,
間違い,
風景,
構成,
組合,
維持,
母親,
分野,
例,
問い,
株,
通過,
独特,
要素,
制限,
職業,
地位,
印,
強力,
瞬間,
結局,
呼吸,
仲間,
明らか,
首都,
事実,
一致,
言語,
資源,
依頼,
現実,
底,
徹底,
先日,
知恵,
範囲,
日曜,
皮,
外交,
女王,
胸,
就職,
なにも,
姿,
引用,
王子,
感じる,
主義,
支店,
競技,
石油,
許可,
別に,
確実,
衣服,
模様,
約,
幸せ,
列,
豪華,
平和,
為る,
革,
優勝,
身長,
予算,
実行,
医師,
夫人,
屋根,
被害,
世紀,
章,
立場,
牛,
学者,
船,
無駄,
一種,
馬,
農業,
著者,
出会い,
物理,
好み,
権利,
留学,
評判,
父親,
実験,
大使,
思い出,
深刻,
国会,
答案,
銀,
予防,
思わず,
攻撃,
異常,
議員,
奥,
主婦,
物質,
知事,
普段,
重視,
豊か,
想像,
住民,
現状,
得意,
既に,
大陸,
態度,
根,
誰か,
歓迎,
消防,
恋,
飯,
場面,
承認,
労働,
出来事,
困難,
集団,
方々,
証明,
首相,
あんまり,
勢い,
現象,
警告,
中止,
スタンド,
不正,
輪,
スター,
願い,
野,
戦い,
収入,
裁判,
負け,
手術,
演奏,
主張,
書類,
愛情,
始まり,
論文,
棒,
見事,
完了,
役割,
主に,
明確,
日付,
関心,
婦人,
腰,
適切,
候補,
松,
弁当,
土曜,
異なる,
配達,
ベルト,
大部分,
迷惑,
我々,
批判,
出発,
勝ち,
新鮮,
抵抗,
有利,
命,
博物館,
不満,
議論,
事態,
増加,
疲れ,
日中,
正直,
虎,
講演,
優秀,
読書,
働き,
近代,
逮捕,
傷,
通学,
肩,
命令,
笑い,
家事,
何でも,
党,
谷,
合わせる,
週,
援助,
語る,
徐々,
入場,
大戦,
発展,
人類,
喜び,
次々,
絵画,
資本,
周囲,
会計,
菓子,
椅子,
積極的,
大統領,
傾向,
恋人,
除く,
余裕,
微妙,
調子,
時刻,
貴重,
常識,
知能,
作曲,
外出,
結論,
水準,
差別,
軍,
肌,
境,
限界,
質,
支配,
いただきます,
一言,
大半,
神経,
演技,
哲学,
共に,
義務,
混乱,
緊張,
詳しい,
衛星,
必死,
輸出,
急速,
見解,
飛行,
はあ,
試し,
格好,
睡眠,
刑事,
列車,
大臣,
額,
離婚,
年中,
残す,
支出,
議会,
尊重,
供給,
鉄,
痛み,
順,
骨,
財産,
何とか,
苦手,
世の中,
会合,
無事,
食料,
含む,
公平,
成績,
鬼,
束,
自殺,
付き合い,
温暖,
損害,
不思議,
貢献,
爆発,
守る,
余り,
税金,
示す,
桜,
小屋,
免許,
故郷,
世間,
招待,
画家,
景気,
栄養,
塔,
進学,
有る,
寄付,
運,
否定,
引退,
議長,
別れ,
正確,
向かい,
汗,
永遠,
末,
金銭,
教科書,
梅,
記入,
一層,
納得,
土産,
面倒,
実に,
冷静,
憲法,
単純,
基づく,
典型,
賞,
国境,
不幸,
失業,
礼,
宅,
俳優,
予測,
前進,
彼等,
腹,
不利,
気温,
姉妹,
経由,
平等,
尻,
支給,
苦労,
注,
通行,
農家,
一瞬,
曜日,
単に,
大気,
刀,
筋肉,
観察,
必ずしも,
役,
国語,
泉,
観客,
演説,
次第,
吸収,
言わば,
金庫,
予報,
粉,
正午,
皿,
気味,
縦,
息,
世話,
清潔,
年月,
科目,
分ける,
グループ,
犯人,
全然,
熱心,
大いに,
宝石,
まあ,
衝突,
年寄,
劇,
考慮,
手間,
跡,
直ちに,
日,
中,
下り,
上,
分,
分,
図,
生,
者,
会,
小,
後,
後,
下,
下,
幕,
図書,
日光,
月,
立派,
善,
失望,
奇妙,
度,
度,
物価,
金,
金,
性,
文,
雷,
不,
見舞い,
法,
湾,
語学,
光景,
汚染,
給料,
面,
味方,
数,
表,
商売,
ボール,
専攻,
無,
無,
急激,
心臓,
市,
涙,
多分,
殺す,
離れる,
職,
品,
品,
元,
集まり,
受け取る,
火災,
申し訳,
追う,
罪,
嫁,
延期,
単なる,
座席,
順調,
悲劇,
半ば,
独身,
学問,
禁煙,
借金,
乗客,
他,
句,
式,
慎重,
審判,
同僚,
許す,
信仰,
迎え,
騒音,
軍隊,
農民,
位,
限る,
人種,
滞在,
休暇,
為る,
旗,
県,
炎,
節約,
進歩,
愛する,
食卓,
論争,
解釈,
豆,
失う,
勇気,
結ぶ,
高価,
オフィス,
署名,
量,
貯金,
流す,
握手,
自慢,
終える,
等,
酸素,
番,
文句,
贈る,
連れ,
瓶,
不自由,
盛り,
賛成,
係,
帰宅,
無し,
冒険,
ビデオ,
後者,
生き物,
越える,
宿,
毒,
素晴らしい,
カー,
暮れ,
婚約,
相続,
救助,
交際,
発達,
悪魔,
起こる,
筆,
覚悟,
券,
仲,
天候,
空き,
騒ぎ,
敵,
無視,
繰り返す,
詩,
金曜,
熱帯,
前者,
応じる,
万一,
岩,
縁,
丘,
当てる,
夜中,
感心,
区別,
互い,
何で,
見送り,
抱える,
妙,
月曜,
陸,
芝居,
横断,
更に,
缶,
誇り,
拍手,
少々,
詩人,
破産,
誤解,
家賃,
強盗,
幸い,
課,
気候,
商人,
誤り,
意志,
煙,
銃,
備える,
頭痛,
奪う,
囲む,
混雑,
風呂,
支払う,
務め,
食欲,
断る,
物事,
批評,
おそらく,
休憩,
技師,
砂漠,
望む,
骨折,
単語,
泡,
外す,
欠陥,
したがって,
親友,
孫,
毛布,
岸,
望み,
針,
隠す,
鍋,
原,
要するに,
学期,
我慢,
乗せる,
裸,
順番,
幸運,
釣,
ドレス,
活気,
王様,
学ぶ,
絶滅,
居間,
率,
出来るだけ,
渋滞,
苦痛,
張る,
夜明け,
双子,
損,
オーバー,
偉大,
歩道,
畑,
翼,
話し合う,
綿,
克服,
墓,
食糧,
収穫,
居る,
真っ赤,
手伝い,
否,
偶然,
作物,
邪魔,
誘う,
或,
木曜,
診察,
梅雨,
承知,
回す,
助ける,
体温,
飛び出す,
欠席,
扱う,
鍵,
発明,
小麦,
冗談,
悪口,
穏やか,
浴びる,
胃,
ドライブ,
間,
駐車,
動かす,
撃つ,
泥,
ありがとう,
決心,
出会う,
勤め,
かなり,
欠点,
尊敬,
老い,
書物,
掲示,
便り,
だけど,
叫ぶ,
組む,
氷,
敬意,
石炭,
舌,
辺り,
題,
移す,
鋭い,
黙る,
通り,
頂上,
覆う,
どんな,
徹夜,
達する,
支度,
作法,
様,
勘定,
疑う,
道徳,
恩,
機嫌,
芽,
マスター,
下さる,
沖,
上京,
クリーム,
好む,
救う,
ドラマ,
グランド,
激しい,
ママ,
得る,
頼る,
決まり,
害,
愉快,
苦しい,
破る,
悩む,
芝生,
秒,
数える,
巣,
用心,
有能,
丸,
ソファー,
こんにちは,
適度,
稲,
合図,
夕べ,
そのまま,
かわいそう,
いつでも,
試す,
裏切る,
構う,
強調,
恐れる,
霧,
濠,
嫌う,
軒,
引っ張る,
穀物,
髪の毛,
書斎,
用いる,
礼儀,
謎,
予期,
恐ろしい,
戻す,
火曜,
注ぐ,
それぞれ,
燃える,
加減,
塀,
見当,
防ぐ,
勘,
程,
減らす,
嵐,
減る,
黒板,
奨学金,
ワイン,
クリスマス,
柄,
育つ,
タオル,
メンバー,
なかなか,
当たる,
今に,
確かめる,
チーム,
加える,
幾つ,
要点,
与える,
虫歯,
加わる,
似合う,
エンジン,
過ごす,
袖,
両替,
たびたび,
スイッチ,
倒す,
プラン,
実,
笛,
陽気,
つまり,
駄目,
真剣,
小包,
収める,
握る,
すごい,
猿,
グラス,
硬貨,
しまう,
ダイヤ,
飛ばす,
脇,
貧しい,
頃,
親しい,
追い付く,
たとえ,
生まれ,
生じる,
眺める,
ブレーキ,
よろしく,
角,
反抗,
種,
いつまでも,
発車,
場,
ダンス,
トラック,
命じる,
ベンチ,
未だ,
地平線,
切れ,
不平,
匂い,
お昼,
サイン,
パイプ,
鎖,
アルバム,
広がる,
連想,
泳ぎ,
包み,
眺め,
コーチ,
大抵,
預ける,
ずっと,
嘘,
ピン,
遅刻,
これら,
途端,
手品,
全く,
割る,
通り過ぎる,
悲しむ,
やはり,
訓,
祝う,
粗末,
真面目,
アウト,
キャンプ,
上達,
縄,
居眠り,
祭,
帯,
ちゃんと,
論じる,
いえ,
ヨーロッパ,
持ち上げる,
スキー,
ますます,
噂,
たっぷり,
気付く,
満ちる,
去る,
唯,
臭い,
刈る,
濃い,
うまい,
厄介,
膝,
氏,
いずれ,
現れ,
ビール,
雇う,
だって,
床,
願う,
行儀,
頂く,
夢中,
食う,
ぴったり,
嬉しい,
癖,
マーケット,
飼う,
ミス,
離す,
税,
及ぼす,
あるいは,
とにかく,
デート,
気の毒,
ジーンズ,
ですから,
ノー,
曇,
霜,
狂う,
一人一人,
越す,
迷子,
劣る,
エネルギー,
対する,
パス,
認める,
ライター,
賢い,
随分,
チャンス,
飽きる,
しまった,
暮らす,
インク,
州,
至る,
暗記,
勿論,
親戚,
方々,
テント,
メモ,
申し込む,
しかも,
御,
スープ,
びっくり,
こんなに,
物音,
熱中,
罰する,
どうしても,
旧,
回り,
トン,
スケート,
信じる,
ところで,
まさに,
すみません,
たった,
ミルク,
チーズ,
いけない,
ボート,
あらゆる,
案,
ラケット,
喉,
餌,
そこで,
兎,
パイロット,
いわゆる,
いつか,
おまえ,
動詞,
バン,
どこか,
アイロン,
やや,
転ぶ,
おめでとう,
ペンキ,
ハイキング,
マイク,
関する,
ボーイ,
表す,
最中,
ところが,
ゴール,
経つ,
さて,
きちんと,
哀れ,
それでも,
田,
横切る,
得る,
辞める,
はさみ,
求める,
キャプテン,
まさか,
すなわち,
真似,
まるで,
ごめんなさい,
ジュース,
ロケット,
適する,
積もる,
喧嘩,
パスポート,
訳,
立ち上がる,
凍る,
頬,
現れる,
いらっしゃい,
のんびり,
馬鹿,
贅沢,
付ける,
かもしれない,
振る,
できれば,
器用,
指す,
お腹,
停留所,
訴える,
極,
貰う,
流れる,
とんでもない,
ちょうだい,
取り上げる,
おしゃべり,
たまらない,
上等,
いたずら,
デモ,
等しい,
届く,
描く,
支える,
覚める,
それとも,
トランプ,
ウイスキー,
腐る,
象,
気に入る,
幾ら,
退屈,
伸ばす,
わざと,
そのうち,
そっと,
ヨット,
掛かる,
利口,
さっぱり,
現す,
稼ぐ,
取れる,
戦う,
アイスクリーム,
通じる,
そっくり,
額,
ピクニック,
男の人,
やがて,
余分,
急に,
どんなに,
トンネル,
密,
あちこち,
羽,
ふと,
バイオリン,
もしも,
あんなに,
きつい,
鼠,
お互い,
ノック,
切れる,
進める,
かわいらしい,
わがまま,
およそ,
売れる,
違いない,
輝く,
節,
なぜなら,
沈む,
逆らう,
抜ける,
酔う,
スピーチ,
一度に,
増す,
パーセント,
褒める,
知らせ,
しばしば,
じっと,
ユーモア,
幼い,
覚ます,
明後日,
譲る,
辛い,
うがい,
大した,
がっかり,
打つ,
紐,
苦しむ,
通す,
効く,
ぐっすり,
しゃべる,
対,
先ず,
ハンサム,
抜く,
塵,
平ら,
濡れる,
解く,
向く,
綿,
触れる,
灰,
タイプライター,
向ける,
ぼんやり,
あいにく,
優れる,
真っ直ぐ,
怪我,
直に,
止す,
下す,
ざっと,
伸びる,
被る,
にっこり,
捕まる,
いらいら,
避ける,
従う,
述べる,
責める,
今にも,
ばったり,
抱く,
少しも,
放す,
明ける,
人込み,
計る,
解ける,
説,
注ぐ,
任せる,
しきりに,
遂に,
よると,
済ませる,
粗い,
占める,
空く,
近頃,
隠れる,
履く,
留める,
省く,
けち,
招く,
震える,
縁,
ジェット機,
叩く,
所為,
うなる,
微笑む,
替える,
咳,
吐く,
降ろす,
欠ける,
滅多に,
仏,
従兄弟,
詰める,
昇る,
偶々,
就く,
精々,
陰,
軒,
繋ぐ,
札,
寧ろ,
換える,
勧める,
伺う,
僅か,
莫大,
諦める,
埃,
宜しい,
掴む,
叱る,
溺れる,
吠える,
籠,
銅貨,
尤も,
怠ける,
諺,
罹る,
轢く,
